"","project_code","project_legend","map_label","project_name","base_crew","USGS.staff.gage.name","USGS.staff.gage.link..web.","USGS.staff.gage.metadata","graduation_status","graduation_date","base_crew_primary_contact","approval","status","created_by","created_date","modified_date","construction_completion_estimated","construction_completion_actual","degree_certainty","distinct_inflow","inflow_number","distinct_outflow","outflow_number","isolated_pools","direct_coastal_connection","direct_riparian_connection","subsurface_evidence","subsurface_interaction","wcs_presence","wcs_manager","wcs_number","excavation","excavation_notes","construction_features","tile_daylight","tile_daylight_number","tile_daylight_notes","tile_input","tile_input_notes","hydrologic_structure","mass_schematic","nutrient_budget","Paste.google.drive.link.to.diagram.here.","Describe.your.nutrient.budget.calculations.here.","primary_management_goal","primary_management_notes","primary_management_actions","previous_land_use","no_change_notes","ag_notes","urban_notes","other_land_notes","notes","google_drive_link_info","collaborator_soil","collaborator_soil_notes","soil_map_units","manager_survey"
"1","ANDW","23_ANDW",23,"Andreoff Wetland","HU","","","","","","Jakob Boehler","",NA,"jboehler@heidelberg.edu","07/01/25 2:42 AM","","","","","",NA,"",NA,"","","","","","","",NA,"","","","","","","","","","","","","","","","","","","","","","","","","","",""
"2","BAUD","27_BAUD",27,"Baughman Ditch","WS","","","","","","Morgan Grunden","",NA,"web-form@smartsheet.com","07/03/25 6:02 AM","","","07/01/24","Five","Yes",5,"Yes",3,"No","No","No","Not sure","","No","",NA,"Yes","on average 4ft of top soil was removed form each pool - areas of pools are 3.4 ac (moose), 10.6 ac (state), and 3.0 acres (church)","Weir or other known-volume enclosure","Yes","","Not sure how many tiles were disrupted. Several tiles inflow into the State Wetland, however, only one has shown significant volume contributions. No flow noted from most of the other tiles. No daylit tiles flowing into the Moose or Church wetlands","Yes","State Wetland receives tile flow from two tiles on the east side of the wetland pool. 
Moose Wetland receives tile flow from one tile on the south side of the wetland pool. 
Church wetland receives tile flow from two tiles: one of the south side (moose) and one from the east side (state)","Floodplain
Flow-through","Complete and ready for review","In progress","https://docs.google.com/document/d/1MwNRsZDIpJx6mFcf1aI8PVioLdnilYxR49VJJb-aRiU/edit?tab=t.0","","stormwater mitigation","No known management goals at this time.","","other","","","","Moose Wetland was previously farmland on a soybean/corn rotation. State and Church wetlands were previously open grass areas.","","https://drive.google.com/drive/u/0/folders/1_dMg9YmN4Zk-dn0ruN3S793ltqrKFISJ","Not sure","","PmA Pewamo silty clay loam, 0 to 1 percent slopes;Blg1B1 Blount silt loam, ground 
moraine, 2 to 4 percent slopes;Blg1A1 Blount silt loam, ground 
moraine, 0 to 2 percent slopes","Not sure"
"3","BIRB","41_BIRB",41,"Bird Bog","KS","","","","","","Mike Back","",NA,"web-form@smartsheet.com","06/20/25 12:23 PM","","","","Three","No",NA,"No",NA,"No","No","No","Not sure","","No","",NA,"No","","None","Yes","","","No","","Depressional (likely groundwater influenced)","Not started","Not started","","","other","Surrounding agricultural area mowed once per year after August 1","mowing and maintaining public paths","no major change in land use","The H2Ohio funds were used to purchase the land the bog existed on and preserve it from development. The surrounding land included some agriculture use which has ceased and will be allowed to transition into upland wetland area.","","","","","https://drive.google.com/drive/u/1/folders/1lfRHmdwRe_-5FUfV753R6wPQB57yUM6G","Yes","The collaborator did not complete any soil surveys or testing, but there was a study published in 2019 by Ohio State professor Matt Davies characterizing the hydrochemistry of the site.","Chili loam, 6 to 12 percent slopes; Jimtown loam, 2 to 6 percent slopes; Carlisle muck;  	Sebring silt loam, 0 to 2 percent slopes",""
"4","BLAF","68_BLAF",68,"Black Fork","HU","","","","","","Austin Nainiger","",NA,"web-form@smartsheet.com","09/23/24 1:18 PM","","","06/30/24","Four","Yes",1,"Yes",2,"Yes","No","Yes","Not sure","","Yes","",1,"Yes","earthwork in lowlands of West and South units will create vernal pools. Earthwork in North Unit will create two pools using low berms and agri-drain structures.","Drive-way or road","Yes",">10","Ag Tiles broken to create wetland pools in the north unit","Yes","","Floodplain
Flow-through","Not started","Not started","","","other","wildlife habitat, nutrient management, and stormwater mitigation","invasive species control
water level control","agriculture","","Soybean on 2022","","","","N/A","Yes","Western Reserve Land Conservancy included a map depicting soil types in the work area.","There are no units greater than 30%",""
"5","BLAR","19_BLAR",19,"Blanchard River","HU","","","","","","Jakob Boehler, James Austin, Laura Johnson","Submitted",NA,"ojohns16@kent.edu","04/26/23 11:35 AM","","06/01/22","06/01/22","Five","Yes",1,"Not sure",NA,"Yes","No","Yes","Not sure","","No","",NA,"","","","","","","","","Floodplain","","","","","recreation","Site managers plan to install fencing to help maintain the site from nuisance species pressure - such as Canada Geese and White-Tail Deer. They also plan to spot-spray to help reduce impacts from invasive vegetation species.","invasive species control","no major change in land use","With the H2Ohio wetland implementation, the Blanchard Floodplain received grading in hummocked and hollowed areas in the wetland itself, as well as the planting of both woody and shrub species throughout the wetland.","","","","","https://drive.google.com/drive/folders/1GadkDdPNs4PmZsrDnSIgV4dbS1ecwXVi?usp=share_link","","","",""
"6","BRIC","1_BRIC",1,"Bright Wetland","HU","","","","","","Austin Nainiger","",NA,"web-form@smartsheet.com","02/21/24 6:00 AM","","","11/01/22","Five","Yes",1,"Yes",3,"Not sure","No","No","Not sure","","Yes","Name: Chad Carroll
Institution: Hancock County Parks",2,"Yes","soil was moved to create four main pools, spoils were placed in a mound in the SE corner of the site.","Other","Yes","2","Two main tiles serve as ""inflows"" for pools 1 and 2. Tiles are fed from upland fields","Yes","Pools 1 and 2","Floodplain","Not started","Not started","","","unknown at this time","","","other","","","","Grassed Prarie","","N/A","Not sure","","Medway silt loam, limestone substratum, 0 to 2 percent slopes, occasionally flooded",""
"7","BROP","61_BROP",61,"Brooks Park","WS","","","","","","Morgan Grunden","Submitted",NA,"ojohns16@kent.edu","04/26/23 11:35 AM","","07/31/21","07/31/21","Three","Yes",2,"Yes",2,"No","Yes","Yes","Yes","Recharge (water leaving to groundwater)
Seep/discharge (groundwater coming in)","No","",NA,"Yes","","None","Not sure","","","Yes","Tile input from West Pool to Main Pool that runs under road","Coastal
Flow-through","Complete and ready for review","In progress","https://docs.google.com/document/d/13dJF2VbvHAlbp89LUJiNG6SoSjCNxn5DzkBscojrkUU/edit","Due to the bidirectional flow at Wetland Stream Outflow, nutrient load reduction will be calculated in a few ways dependent on surface water elevation of Buckeye Lake (Figure #) and flow of Murphy’s Run. 

When the AV sensor deployed at Murphy’s Run is giving positive flow values, meaning Murphy’s Run is the main inflow, AND Buckeye Lake surface elevation is < 891 ft, inflow is BROP_01 and outflow is BROP_03. When the AV sensor is giving positive flow values AND Buckeye Lake surface elevation is > 891 ft, inflow is BROP_01 and outflow is BROP_06. In both of these situations, load reduction occurring in the West Pool is already accounted for because water leaving the West Pool makes it back into wetland stream and is accounted for in nutrient concentration of BROP_03 and BROP_6. 

When the AV sensor deployed at Murphy’s Run is giving negative flow values, meaning Buckeye Lake is the main inflow, AND Buckeye Lake surface elevation is < 892 ft, inflow is BROP_07 and outflow is BROP_06. Like when the AV sensor is reading positive flow values, load reduction occurring in the West Pool is already accounted for because water leaving the West Pool makes it back into wetland stream and is accounted for in nutrient concentration of BROP_6. 

A rare situation could occur in which Buckeye Lake backs up so far it can backfill into the West Pool. Therefore, when the AV sensor deployed at Murphy’s Run is giving negative flow values AND Buckeye Lake surface elevation > 892 ft, inflow is BROP_07 and outflow is BROP_02. In addition, since water making it over to the West Pool is unlikely to flow back into the lake as a result of lake level generating back pressure, a load reduction can be calculated based on inflow as BROP_07 and outflow as BROP_05 using a flow rate of the pump to generate volume times concentration. This load reduction calculation using BROP_05 is added to load reduction from BROP_07 vs BROP_02 in this scenario.","","","","urban","","","","","Brooks Park already in routine monitoring. Just submitting this retroactively to test out form. Also, my name is spelled incorrectly. It is spelled Justin Myers.","","","","",""
"8","BROP","61_BROP",61,"Brooks Park","WS","","","","","","Morgan Grunden","Submitted",NA,"ojohns16@kent.edu","04/26/23 11:35 AM","","07/31/21","07/31/21","Three","Yes",2,"Yes",2,"No","Yes","Yes","Yes","Recharge (water leaving to groundwater)
Seep/discharge (groundwater coming in)","No","",NA,"Yes","","None","Not sure","","","Yes","Tile input from West Pool to Main Pool that runs under road","Coastal
Flow-through","Complete and ready for review","In progress","https://docs.google.com/document/d/13dJF2VbvHAlbp89LUJiNG6SoSjCNxn5DzkBscojrkUU/edit","Due to the bidirectional flow at Wetland Stream Outflow, nutrient load reduction will be calculated in a few ways dependent on surface water elevation of Buckeye Lake (Figure #) and flow of Murphy’s Run. 

When the AV sensor deployed at Murphy’s Run is giving positive flow values, meaning Murphy’s Run is the main inflow, AND Buckeye Lake surface elevation is < 891 ft, inflow is BROP_01 and outflow is BROP_03. When the AV sensor is giving positive flow values AND Buckeye Lake surface elevation is > 891 ft, inflow is BROP_01 and outflow is BROP_06. In both of these situations, load reduction occurring in the West Pool is already accounted for because water leaving the West Pool makes it back into wetland stream and is accounted for in nutrient concentration of BROP_03 and BROP_6. 

When the AV sensor deployed at Murphy’s Run is giving negative flow values, meaning Buckeye Lake is the main inflow, AND Buckeye Lake surface elevation is < 892 ft, inflow is BROP_07 and outflow is BROP_06. Like when the AV sensor is reading positive flow values, load reduction occurring in the West Pool is already accounted for because water leaving the West Pool makes it back into wetland stream and is accounted for in nutrient concentration of BROP_6. 

A rare situation could occur in which Buckeye Lake backs up so far it can backfill into the West Pool. Therefore, when the AV sensor deployed at Murphy’s Run is giving negative flow values AND Buckeye Lake surface elevation > 892 ft, inflow is BROP_07 and outflow is BROP_02. In addition, since water making it over to the West Pool is unlikely to flow back into the lake as a result of lake level generating back pressure, a load reduction can be calculated based on inflow as BROP_07 and outflow as BROP_05 using a flow rate of the pump to generate volume times concentration. This load reduction calculation using BROP_05 is added to load reduction from BROP_07 vs BROP_02 in this scenario.","nutrients","mowing, trimming for state park grounds. Plans for dredging Main Pool I think but not sure of frequency","mowing and maintaining public paths","urban","","","Parking Lot for Buckeye Lake State Park/boat ramp","","","https://drive.google.com/drive/folders/11hSEHwjHq1d6mEV-HLc7bFJp0z9Uuyej","Not sure","","Aetna silt loam, occasionally 
flooded; Marengo clay loam",""
"9","BROP","61_BROP",61,"Brooks Park","WS","","","","","","Morgan Grunden","Submitted",NA,"ojohns16@kent.edu","04/26/23 11:35 AM","","07/31/21","07/31/21","Three","Yes",2,"Yes",2,"No","Yes","Yes","Yes","Recharge (water leaving to groundwater)
Seep/discharge (groundwater coming in)","No","",NA,"Yes","","None","Not sure","","","Yes","Tile input from West Pool to Main Pool that runs under road","Coastal
Flow-through","Complete and ready for review","In progress","https://docs.google.com/document/d/13dJF2VbvHAlbp89LUJiNG6SoSjCNxn5DzkBscojrkUU/edit","Due to the bidirectional flow at Wetland Stream Outflow, nutrient load reduction will be calculated in a few ways dependent on surface water elevation of Buckeye Lake (Figure #) and flow of Murphy’s Run. 

When the AV sensor deployed at Murphy’s Run is giving positive flow values, meaning Murphy’s Run is the main inflow, AND Buckeye Lake surface elevation is < 891 ft, inflow is BROP_01 and outflow is BROP_03. When the AV sensor is giving positive flow values AND Buckeye Lake surface elevation is > 891 ft, inflow is BROP_01 and outflow is BROP_06. In both of these situations, load reduction occurring in the West Pool is already accounted for because water leaving the West Pool makes it back into wetland stream and is accounted for in nutrient concentration of BROP_03 and BROP_6. 

When the AV sensor deployed at Murphy’s Run is giving negative flow values, meaning Buckeye Lake is the main inflow, AND Buckeye Lake surface elevation is < 892 ft, inflow is BROP_07 and outflow is BROP_06. Like when the AV sensor is reading positive flow values, load reduction occurring in the West Pool is already accounted for because water leaving the West Pool makes it back into wetland stream and is accounted for in nutrient concentration of BROP_6. 

A rare situation could occur in which Buckeye Lake backs up so far it can backfill into the West Pool. Therefore, when the AV sensor deployed at Murphy’s Run is giving negative flow values AND Buckeye Lake surface elevation > 892 ft, inflow is BROP_07 and outflow is BROP_02. In addition, since water making it over to the West Pool is unlikely to flow back into the lake as a result of lake level generating back pressure, a load reduction can be calculated based on inflow as BROP_07 and outflow as BROP_05 using a flow rate of the pump to generate volume times concentration. This load reduction calculation using BROP_05 is added to load reduction from BROP_07 vs BROP_02 in this scenario.","","","","urban","","","","","Need to update ODNR project manager to Sarah Macy","","","","",""
"10","BROP","61_BROP",61,"Brooks Park","WS","","","","","","Morgan Grunden","Submitted",NA,"ojohns16@kent.edu","04/26/23 11:35 AM","","07/31/21","07/31/21","Three","Yes",2,"Yes",2,"No","Yes","Yes","Yes","Recharge (water leaving to groundwater)
Seep/discharge (groundwater coming in)","No","",NA,"Yes","","None","Not sure","","","Yes","Tile input from West Pool to Main Pool that runs under road","Coastal
Flow-through","Complete and ready for review","In progress","https://docs.google.com/document/d/13dJF2VbvHAlbp89LUJiNG6SoSjCNxn5DzkBscojrkUU/edit","Due to the bidirectional flow at Wetland Stream Outflow, nutrient load reduction will be calculated in a few ways dependent on surface water elevation of Buckeye Lake (Figure #) and flow of Murphy’s Run. 

When the AV sensor deployed at Murphy’s Run is giving positive flow values, meaning Murphy’s Run is the main inflow, AND Buckeye Lake surface elevation is < 891 ft, inflow is BROP_01 and outflow is BROP_03. When the AV sensor is giving positive flow values AND Buckeye Lake surface elevation is > 891 ft, inflow is BROP_01 and outflow is BROP_06. In both of these situations, load reduction occurring in the West Pool is already accounted for because water leaving the West Pool makes it back into wetland stream and is accounted for in nutrient concentration of BROP_03 and BROP_6. 

When the AV sensor deployed at Murphy’s Run is giving negative flow values, meaning Buckeye Lake is the main inflow, AND Buckeye Lake surface elevation is < 892 ft, inflow is BROP_07 and outflow is BROP_06. Like when the AV sensor is reading positive flow values, load reduction occurring in the West Pool is already accounted for because water leaving the West Pool makes it back into wetland stream and is accounted for in nutrient concentration of BROP_6. 

A rare situation could occur in which Buckeye Lake backs up so far it can backfill into the West Pool. Therefore, when the AV sensor deployed at Murphy’s Run is giving negative flow values AND Buckeye Lake surface elevation > 892 ft, inflow is BROP_07 and outflow is BROP_02. In addition, since water making it over to the West Pool is unlikely to flow back into the lake as a result of lake level generating back pressure, a load reduction can be calculated based on inflow as BROP_07 and outflow as BROP_05 using a flow rate of the pump to generate volume times concentration. This load reduction calculation using BROP_05 is added to load reduction from BROP_07 vs BROP_02 in this scenario.","nutrients","Brooks Park Wetland was constructed to reduce nutrient loading/improve water quality in Buckeye Lake","","other","","","","The land previously consisted of a small lake back-water tributary draining into Buckeye Lake surrounded by a small park and parking lot","","","Yes","GPR transects with ERT profiles instead of traditional 5m spacing 
EM conductivity transects with 10m spacing
84 meter long Electrical Resistivity Tomography

https://docs.google.com/document/d/1ARFApXgFBlWTIwJUxmVSASPc3dKew2XJA2TQkn7iirk/edit","","Not sure"
"11","BUEF","32_BUEF",32,"Buehler Farms","HU","","","","","","Jakob Boehler, James Austin, Laura Johnson","Submitted",NA,"ojohns16@kent.edu","04/26/23 11:35 AM","","10/01/21","10/01/21","Five","Yes",1,"Yes",1,"No","No","Yes","Yes","Seep/discharge (groundwater coming in)","Yes","Name: John Buehler Sr
Institution: Privately Owned/Family",1,"","","","","","","","","Coastal","","","","","nutrients","There is a pump and water control structure located at this facility, that is operated by John Buehler's father, John Buehler Sr.","water level control","no major change in land use","The goal of this wetland is to assist with reconnecting 9 acres of coastal wetland with Muddy Creek, and to route and filter drainage subsurface water from the nearby cropland.","","","","","https://drive.google.com/drive/folders/1EAsDSlj2zcoic_FdjX9qGN2_GcIcXUpY?usp=share_link","","","",""
"12","BWLK","60_BWLK",60,"Burntwood-Langenkamp","WS","","","","Done","01/16/23","Morgan Grunden","Submitted",NA,"ojohns16@kent.edu","04/26/23 11:35 AM","03/14/23","12/01/21","01/01/22","Five","Yes",2,"Yes",1,"No","No","Yes","Not sure","","Yes","Name: Sean Finke
Institution: ODNR",4,"Yes","","Weir or other known-volume enclosure","Yes","","","No","","Flow-through","Complete and ready for review","Complete and ready for review","https://docs.google.com/document/d/1yOKSRHLWn9NW7LNGbUMcQXeHki2Rtn5--M1LycBDYG0/edit","Since Burntwood Langenkamp has relatively clear inputs and output structures (Figure 2), nutrient load reduction will be calculated as [inflow concentration X inflow volume] - [outflow concentration X outflow volume]. Inflow and outflow concentrations will be obtained from surface water samples. Inflow and outflow volumes will be calculated using the water level control structure areas, the HOBO water level data, and information about the pump rate. 

Nearby USGS river gauge stations will be used to estimate how much of Burntwood Creek flows are intercepted and captured by the wetland. The nearby USGS Station – Chickasaw Ck (drainage area = 16.4 mi2) flow data is utilized to calculate Burntwood Creek streamflows for the Burntwood Creek drainage area 8.91 mi2) at the wetland inflow using a multiplication factor of 0.54.  USGS Station - Coldwater Ck (drainage area = 11.4 mi2) station is also an option for this estimation as an alternative to the Chickasaw Ck station, and the watershed weight multiplication factor compared to Burntwood Creek is 0.78 or 1.28. Percentage of Burntwood Creek flows captured by the wetland will be calculated as a function of inflow rate wetland divided by Burntwood Creek streamflow.","nutrients","reduce nutrient loading to Grand Lake St. Marys by increasing residence time using water level control structures","water level control","agriculture","","farmland on a continuous soybean/corn rotation for 50-100 years. Last farmed in 2020","","","","https://drive.google.com/drive/folders/1klLtQ6tp5uq24EZMZyq4Uu2hDV30nMTl","No","","Blount silt loam, ground 
moraine, 2 to 4 percent 
slopes","No"
"13","CBMC","37_CBMC",37,"Clary-Boulee-McDonald","HU","","","","","","Austin Nainiger","",NA,"web-form@smartsheet.com","01/17/24 12:57 PM","","10/01/21","10/01/21","Five","Yes",1,"No",NA,"Yes","No","No","Not sure","","No","",NA,"Yes","","Other","Yes","","","Yes","","Floodplain","Complete and ready for review","In progress","https://docs.google.com/presentation/d/1kg4BolovCzfg2Kc7NFdukK-xbNih15VSb-_Nv6MWeb4/edit#slide=id.g1d0fdbcbf2c_0_90","","nutrients","","","agriculture","","","","","","n/a","Not sure","","Map Unit Symbol Map Unit Name Acres in AOI Percent of AOI
Ch Chagrin silt loam, occasionally
flooded
32.4 14.8%
CnA Channahon silt loam, 0 to 2
percent slopes
12.0 5.5%
HcA Hoytville silty clay loam, 0 to 1
percent slopes
71.7 32.7%
HkA Haskins loam, 0 to 2 percent
slopes
2.7 1.2%
NpA Nappanee silt loam, 0 to 2
percent slopes
36.8 16.8%
NpB Nappanee silt loam, 2 to 6
percent slopes
12.7 5.8%
RbA Randolph silt loam, 0 to 2
percent slopes
48.3 22.1%
Sh Shoals silt loam, 0 to 2 percent
slopes, frequently flooded
2.3 1.0%
Totals for Area of Interest 218.9 100.0%","Not sure"
"14","CHIL","62_CHIL",62,"Chippewa Lake","KS","","","","","","Mike Back","",NA,"web-form@smartsheet.com","06/23/25 11:11 AM","","","09/25/24","Four","Yes",1,"Yes",1,"Yes","No","No","No","","No","",NA,"Yes","A new sinuous channel was dug out next to the original Chippewa Creek channel. Additionally a 'plug' was put into the main channel to divert most water into the constructed channel. The plug has since blown out in Jan 2025 and has yet to be replaced as of 6/25","Other","Not sure","","","No","","Flow-through","Not started","Not started","","","nutrients","","","agriculture","","","","","","https://drive.google.com/drive/folders/1HLRc1zScsVJBdmVutlnimdZFhTsoj9qJ","No","","Wallkill silt loam; 	Carlisle muck","Yes"
"15","COLW","105_COLW",105,"Coldwater Wetlands","WS","","","","","","Morgan Grunden","",NA,"web-form@smartsheet.com","07/09/25 12:21 PM","","","10/01/22","Five","Yes",3,"Yes",1,"No","No","No","No","","Yes","City of Coldwater",1,"Yes","","None","Yes","2","","Yes","","Flow-through","In progress","Not started","","","nutrients","","","agriculture","","rowcrop unknown last rotation","","","","https://drive.google.com/drive/folders/1nFymhs8xZxXe4ejj_jH4ZZUjZl_zB8vx","Not sure","","Blount silt loam, ground moraine, 2 to 4 percent slopes ; Pewamo silty clay loam, 0 to 1 percent slopes","Not sure"
"16","DARR","59_DARR",59,"Darby Refuge","UT","","","","","","Leticia Sandoval","",NA,"web-form@smartsheet.com","10/28/25 10:56 AM","","09/30/21","08/31/21","Five","Yes",3,"Yes",3,"Not sure","Yes","Yes","No","","Yes","Name: Ron Huffman
Institution: U.S. Fish and Wildlife Service",3,"No","","Other","No","","","No","","Coastal","Complete and ready for review","Not started","https://docs.google.com/presentation/d/1lgJz9rgOkmGiuDfUAtxjUdfOVg4tCQ-T/edit?slide=id.p1#slide=id.p1","","wildlife habitat","Water levels are managed to protect infrastructure, optimize habitat for wildlife and manage invasive vegetation. Dikes are maintained so that staff and visitors can drive on them.","invasive species control
mowing and maintaining public paths
water level control","no major change in land use","From the proposal: ""Water control structures will be installed to facilitate the capture of water from Lake Erie and/or the upstream watershed (depending on the water flow) and facilitating nutrient reduction and fish passage.  When water level management regime for the wetland units permit, water from the upstream watershed containing Ag runoff or high seiche events from Lake Erie can be diverted into the wetland units to facilitate nutrient reduction.""","","","","","https://drive.google.com/drive/u/0/folders/1s6a2Ogq8beSpDP9kRojnXV04nY2xBXPb","No","","Toledo silty clay, 0 to 1 percent slopes, flooded","Yes"
"17","DERI","29_DERI",29,"Defiance East River","HU","","","","","","Jakob Boehler","",NA,"web-form@smartsheet.com","10/14/25 7:57 AM","","04/26/24","03/01/25","Five","Yes",3,"Yes",1,"No","No","Yes","Not sure","","No","",NA,"No","This site was constructed with berms to guide water flow and create an interconnected system of wetland pools—ensuring both ecological recovery and the protection of historical artifacts found in the area.","None","No","","","No","","Floodplain","Complete and ready for review","Not started","https://docs.google.com/presentation/d/1-CbWYZAqUG4C5i-KqZ0688WS8AR_BPUwCgFITycRHzQ/edit?usp=sharing","","nutrients","Floodplain for the Maumee River during high flow","water level control","agriculture","","Last crop was soy, 2023","","","","https://drive.google.com/drive/folders/1GhqooXHmPb3OD-ZDwOlzmiViCSiWTn0p?usp=sharing","No","","None > 30%","No"
"18","FORB","17_FORB",17,"Forder Bridge","BG","Maumee River at Antwerp OH","https://waterdata.usgs.gov/monitoring-location/04183500/?agency_cd=USGS#dataTypeId=continuous-00065-0&period=P7D&showMedian=false","Bob Midden, 2/25/25, no transformation other than converting the CSV file to an Excel workbook and separating the individual data fields into corresponding columns.","","","Bob Midden, Genna Hunt","Submitted",NA,"ojohns16@kent.edu","04/26/23 11:35 AM","","06/30/21","06/01/21","Five","Yes",1,"Yes",1,"Yes","No","Yes","Not sure","","No","",NA,"Yes","","Drive-way or road","No","","","Not sure","SW Tile water source may be mostly surface flow judging by degree of sediment and turbidity of water.","Floodplain
Flow-through","Complete and ready for review","","https://docs.google.com/document/d/108nd975UakldWoLaPZI0AYp-8SFjWZxpNzjAb32u1tQ/edit?tab=t.0#heading=h.3o7kpl683yti","","","","invasive species control","agriculture","","","","","","","Not sure","","Mixed Soil","Not sure"
"19","FORL","72_FORL",72,"Forest Lawn","KS","","","","","","Mike Back","",NA,"web-form@smartsheet.com","06/16/25 10:59 AM","","06/30/25","06/30/25","Four","Yes",1,"Yes",1,"No","No","No","No","","No","",NA,"Yes","The site was initially an underground stream. The stream was daylit, including topsoil removal and creating and shaping a sinuous channel","Other","No","","","No","","Flow-through","Not started","Not started","","","stormwater mitigation","Primary management goal was stormwater mitigation, the capacity of the stream has been increased threefold for storm events. There are also plans for educational programs around the site and a walking trail for public access.","other","urban","","","underground stream beneath a school yard","","","https://drive.google.com/drive/folders/1qCGGixtbXDEx4iNWXunntdKlpje_eTgt","No","","Jimtown-Urban land complex; 	Sebring-Urban land complex, 0 to 2 percent slopes","Not sure"
"20","FRUW","22_FRUW",22,"Fruth Wetland","HU","","","","","","Jakob Boehler","",NA,"jboehler@heidelberg.edu","07/01/25 2:42 AM","","","","","",NA,"",NA,"","","","","","","",NA,"","","","","","","","","","","","","","","","","","","","","","","","","","",""
"21","GORF","79_GORF",79,"Gorman Farm","WS","","","","","","Morgan Grunden","",NA,"web-form@smartsheet.com","07/08/25 11:58 AM","","","03/01/23","Five","Yes",2,"Yes",1,"No","No","No","Not sure","","","",NA,"Yes","0.22 acre site - 3 shallow wetland pools","None","Not sure","","","Not sure","","Depressional (likely isolated)
Flow-through","In progress","In progress","","","nutrients","maintain the paths around the wetland (this is their own property)","mowing and maintaining public paths","other","","","","Wetland is located on Gorman Heritage Farms. This is an educational wetland that was constructed at the back of their property","","https://drive.google.com/drive/folders/1_JrwRU9DN49H2jc3ewzXUzAWNEqcMqDy","Not sure","","Eden silty clay loam, 15 to 25 percent slopes","Not sure"
"22","GRFL","123_GRFL",123,"Grand River Floodplain","KS","","","","","","Connor Gluck","",NA,"web-form@smartsheet.com","08/27/25 3:31 PM","","10/31/26","","Three","Yes",1,"Yes",1,"Yes","No","Yes","Yes","Recharge (water leaving to groundwater)
Seep/discharge (groundwater coming in)","No","",NA,"Yes","Depressional pools near the western edge of the site will be made; Spoil will be transferred to the upland area in the middle; No fill material will be brought in","None","Not sure","","","Not sure","","Floodplain","Not started","Not started","","","stormwater mitigation","The proposed restoration will include reforestation; wetland expansion, restoration and enhancement; and establishment of habitat including native upland meadow and vernal pools. These activities will restore floodplain functionality, permit natural infiltration and sediment/nutrient settling, and reduce velocity of high energy flows, thereby enhancing and preserving water quality in the Grand River and Lake Erie. West Creek Conservancy will work in partnership with the City of Painesville to turn the Property into a public riverfront nature preserve, enhancing public access and quality of life for the City of Painesville, Painesville Township, and greater Lake County community","invasive species control
mowing and maintaining public paths","other","","","","Golf course","Completed by Mary Ellen Klukow as part of GLRI Soils after a site visit to GRFL 8/27/25","https://ksuprod-my.sharepoint.com/:f:/g/personal/mklukow_kent_edu/EhrkEVrWRpNMs-iunSVEnXgBby2as3i_yYrGDdEliyiJ_g?e=RKYEHG","No","","Euclid silt loam, 0 to 2 percent slopes","Not sure"
"23","HENC","206_HENC",206,"Henry Creek","UT","","","","","","Leticia Sandoval","",NA,"web-form@smartsheet.com","07/24/25 6:35 AM","","04/30/27","","Three","Yes",1,"Yes",1,"No","No","Yes","Not sure","","No","",NA,"Yes","The proposed project will realign the northern segment of the ditch and restore a new, 20-foot-wide floodplain bench along the entire length of the project site.","","Yes","","Can update with final number after construction begins","Yes","Affect realigned ditch","Floodplain","Not started","Not started","","","nutrients","The proposed project will realign the northern segment of the ditch and restore a new, 20-foot-wide floodplain bench along the entire length of the project site. This 3,327 linear foot (1.53 acre) floodplain bench will provide an active floodplain that will treat and improve water quality.  Notably, the realignment of the northern segment of the ditch will also move the ditch away from the railroad that passes along the west side of the site. This will eliminate railroad slag from sloughing into the ditch and all but eliminate the potential for spills from the railroad from entering the ditch. S+W collaborated with researchers at Kent State University/LEARN and The Ohio State University to optimize the ditch design, including bench elevation and width, to maximize water quality benefits.","invasive species control","agriculture","","General row-crop fields in use up to construction","","","Completed by Mary Ellen Klukow as part of GLRI Soils; no future sampling planned at this point","https://ksuprod.sharepoint.com/:f:/s/H2OhioWetlandMonitoringProgram/Ep26D3Na4bRKmAe7hvsfy6YBOFaqsR2Vi6MQxROPI0sVWw?e=dAjNgv","Yes","Wetland delineation
https://ksuprod.sharepoint.com/:b:/s/H2OhioWetlandMonitoringProgram/EfTKAWCkWK1HryP4dz2SkZUBzXEdPk0RLJSWefkPNiJfuw?e=NVOQdg","Hoytville clay loam, 0 to 1 percent slopes","Not sure"
"24","INDC","78_INDC",78,"Indian Creek","WS","","","","","","Morgan Grunden","",NA,"web-form@smartsheet.com","07/09/25 8:14 AM","","","01/01/24","Five","Yes",4,"Yes",3,"Not sure","No","Yes","Not sure","","No","",NA,"Yes","Stream restoration
12 acre forested wetland with 8 shallow pools","None","Not sure","","","","","Floodplain","In progress","In progress","","","nutrients","","","no major change in land use","This land was and still is a forest. the wetland was built inside the forest without major change to the landscape","","","","","https://drive.google.com/drive/folders/1v2CVNzeJ3VTqBDsGSZFxUS54EtZi6lTY","Not sure","","Stonelick fine sandy loam","Not sure"
"25","INDD","18_INDD",18,"Independence Dam","HU","","","","","","Jakob Boehler","",NA,"web-form@smartsheet.com","10/14/25 11:51 AM","","09/30/22","06/30/23","Five","Yes",25,"Yes",1,"No","No","Yes","Not sure","","Yes","Don Guryzynski",1,"Yes","Excavation was limited to the inlet structure. Construction replaced the collapsed inflow pipe and constructed a water control structure.","None","No","","","Yes","The 6.5 mile canal is scattered with tile outflow sources. It was reported that 22+ culverts fed into the canal. It is assumed that most of these are intact and functional as surface drainage outlets.","Flow-through","Complete and ready for review","Not started","https://docs.google.com/presentation/d/1MgpHa2laqOboGmRE_HsDpBvoYjpRSZoIglCJZKvhauU/edit?usp=sharing","","nutrients","The goal of the project is to improve water quality in the Maumee River by diverting water back into the Miami to Erie Canal 6.5-mile remnant segment.","other","other","","","","The canal is a remanent of the Miami and Erie Canal that ran from Cincinnati to Toledo, Ohio, creating a water route between the Ohio River and Lake Erie. The inflow was once a lock.","","https://drive.google.com/drive/folders/1ScdnGhzObJFUdzDyFbOvwCR8t-kl4402?usp=sharing","No","","None > 30%","No"
"26","KILR","90_KILR",90,"Killdeer Reservoir","HU","","","","","","Jakob Boehler","",NA,"web-form@smartsheet.com","10/13/25 12:03 PM","","05/01/25","05/01/25","Five","Yes",1,"Yes",1,"No","No","Yes","Not sure","","Yes","Andy Landon",2,"Yes","Construction consisted of replacing water control structures at Killdeer Plains Wildlife Area. The project involved removing old concrete structures and pipes and installing new ones to improve water management for wildlife habitat. This is a separate project from a larger, previous effort that had previously converted the area of a decommissioned reservoir into wetlands and native grasses.","None","No","","","No","","Flow-through","Complete and ready for review","Not started","https://docs.google.com/presentation/d/1Tu6Nz_F8oIjL4gEv_6YKqv7IaXDw3K8n/edit?usp=sharing&ouid=108358056472745881068&rtpof=true&sd=true","","","","","","","","","","","","","","",""
"27","KILR","90_KILR",90,"Killdeer Reservoir","HU","","","","","","Jakob Boehler","",NA,"web-form@smartsheet.com","10/13/25 12:03 PM","","05/01/25","05/01/25","Five","Yes",1,"Yes",1,"No","No","Yes","Not sure","","Yes","Andy Landon",2,"Yes","Construction consisted of replacing water control structures at Killdeer Plains Wildlife Area. The project involved removing old concrete structures and pipes and installing new ones to improve water management for wildlife habitat. This is a separate project from a larger, previous effort that had previously converted the area of a decommissioned reservoir into wetlands and native grasses.","None","No","","","No","","Flow-through","Complete and ready for review","Not started","https://docs.google.com/presentation/d/1Tu6Nz_F8oIjL4gEv_6YKqv7IaXDw3K8n/edit?usp=sharing&ouid=108358056472745881068&rtpof=true&sd=true","","nutrients","Primary management goals of DNR is to maintain a productive hunting ground for waterfowl and deer during hunting season.","invasive species control
mowing and maintaining public paths
water level control","other","","","","Decommissioned reservoir","","https://drive.google.com/drive/folders/1ZGnztS84WQIcTs2tQb43ZuyazDYsqgRT?usp=sharing","No","","None > 30%","No"
"28","LITP","15_LITP",15,"Little Portage","UT","","","","","","Leticia Sandoval","",NA,"web-form@smartsheet.com","03/31/25 10:57 AM","07/02/25","12/31/23","08/01/24","Five","Yes",2,"Yes",2,"No","No","Yes","No","","Yes","Name: Michael Wheeler
Institution: ODNR",7,"Yes","Internal dikes were removed in all wetland units except for the southwest unit to create four distinct units. A ditch was excavated in the center of the site to create a distribution canal that feeds into each unit. Dikes were buit up around the canal. Topsoil was removed and stored before earthmoving and respread after construction. Borrow areas were permitted in all units except for the southwest unit and some were excavated and became wetland pools.","Drive-way or road","Not sure","","","Yes","Tile drain inputs are pumped directly into the southeast wetland pool and can flow into all other units through central canal","Coastal","Complete and ready for review","Not started","https://docs.google.com/presentation/d/1vuKZp75BWFFZbb9I5jfJxlgedbCeON8Y/edit#slide=id.p9","Water volume will be calculated from pump activity (ag ditch water level and kWh meter readings). Samples for base nutrient concentrations will be collected seasonally when the pump activity is low, and samples for event nutrient concentrations will be collected weekly when pump activity is high. Pump activity is determined from water level changes in the agricultural ditch.","wildlife habitat","The main goal of management at this site is to maintain water levels at ideal levels throughout the year to provide adequate habitat and food for wildlife.","invasive species control
water level control","no major change in land use","The area remains a wildlife refuge as it was before. The project now receives runoff from surrounding agricultural land with the installed pumps and redirected drainage tiles, whereas agricultural runoff went directly into the Little Portage River prior to construction. Water from the Little Portage River may also be pumped into the wetlands for treatment. Dikes were rebuilt to better hold water and reconfigured to create distinct wetland units for greater control over management.","","","","","https://drive.google.com/drive/folders/18N5Ppui5pgX4ELy5hoLCMj5yfTjutZSU","Not sure","","Toledo silty clay, 0 to 1 percent slopes, flooded","Yes"
"29","LITW","48_LITW",48,"Litchfield Wetland","KS","","","","","","Mike Back","",NA,"web-form@smartsheet.com","01/02/25 8:38 AM","","12/31/23","06/30/23","Four","No",NA,"Yes",1,"No","No","No","No","","Yes","Name: 
Institution: Medina County Parks District",5,"Yes","Several berms were created, including one large ""mega-berm"" as described by Davey Construction. Pools were not dug out, but were created as a result of water being trapped by the berms. A hummock and hollow microtopography was also dugout throughout the site.","Drive-way or road","Yes","","Davey did not provide any estimation of how many tile drains were daylighted, just that it was numerous. The tile drain disruptions restored the natural flow path of water across the site, to its natural east to west progression.","No","","Depressional (likely isolated)","Not started","Not started","","","recreation","WCS are agridrains that are passively managed. They essentially prevent spill over from pools onto public trail surrounding the site.","mowing and maintaining public paths
water level control","agriculture","","Soybean/fallow rotation for 10-12 years prior to construction","","","","https://drive.google.com/drive/u/0/folders/1lrkVPnUUvRD5gpJnTG6HFNzdPHcqW_mw","Not sure","","Mahoning silt loam, 0 to 2 percent slopes","Yes"
"30","MAGM","5_MAGM",5,"Magee Marsh","UT","","","","","","Amber Beecher, Tom Bridgeman","Submitted",NA,"ojohns16@kent.edu","04/26/23 11:35 AM","06/30/25","","06/30/20","Five","Yes",3,"Yes",3,"No","Yes","No","No","","Yes","Name: Pat Baranowski
Institution: ODNR",2,"No","There was an existing wetland pool that was connected to an existing creek via water level control structures","Drive-way or road","No","","","No","","Coastal
Flow-through","Complete and ready for review","In progress","https://docs.google.com/presentation/d/12aTCzgRgVr9zy6WFosVktycy_mvt9RIc/edit?slide=id.p9#slide=id.p9","Water level sensors combined with detailed bathymetry will give an estimate of water volume change over time. Frequent water sample collection, including when water levels are increasing or decreasing substantially, will allow us to calculate the total amount of nutrients entering and leaving the wetland.","wildlife habitat","Wildlife management is the major goal at this wetland. The water levels are controlled for the best habitat for wildlife.","water level control","other","Installation of water control structures along Turtle Creek allows managers to direct creek water containing agricultural runoff into the Magee Marsh Turtle Creek Bay unit. During high flow events, upstream flow from Turtle Creek can be diverted into the wetland to keep excess sediments and nutrients from flowing directly into Lake Erie.","","","This land has been a wetland for 100's of years, WCS were installed to reintroduce the wetland to Lake Erie.","","https://drive.google.com/drive/u/1/folders/1fd8woA2fBmgTsAjhFUNm5v8mBIozw3-6","Not sure","","Toledo silty clay, 0 to 1 percent slopes, flooded; Water","Yes"
"31","MAGM","5_MAGM",5,"Magee Marsh","UT","","","","","","Amber Beecher, Tom Bridgeman","Submitted",NA,"ojohns16@kent.edu","04/26/23 11:35 AM","06/30/25","","06/30/20","Five","Yes",3,"Yes",3,"No","Yes","No","No","","Yes","Name: Pat Baranowski
Institution: ODNR",2,"No","There was an existing wetland pool that was connected to an existing creek via water level control structures","Drive-way or road","No","","","No","","Coastal
Flow-through","Complete and ready for review","In progress","https://docs.google.com/presentation/d/12aTCzgRgVr9zy6WFosVktycy_mvt9RIc/edit?slide=id.p9#slide=id.p9","Water level sensors combined with detailed bathymetry will give an estimate of water volume change over time. Frequent water sample collection, including when water levels are increasing or decreasing substantially, will allow us to calculate the total amount of nutrients entering and leaving the wetland.","wildlife habitat","","other
water level control","no major change in land use","Magee Marsh Turtle Creek Bay Wetland Reconnection (MAGM) is an actively managed coastal wetland with approximately 173 acres of enhanced wetlands in Ottawa County, OH","","","","","","Not sure","","","Not sure"
"32","MARR","40_MARR",40,"Martin's Run","KS","","","","","","Mike Back","",NA,"web-form@smartsheet.com","07/29/24 7:30 AM","","05/01/22","05/25/22","Five","Yes",1,"Yes",1,"Yes","No","Yes","No","","No","",NA,"Yes","","Drive-way or road","Not sure","","","Not sure","","Floodplain
Flow-through","Complete and ready for review","Not started","https://docs.google.com/presentation/d/12aTCzgRgVr9zy6WFosVktycy_mvt9RIc/edit#slide=id.g273fb40977f_0_5","","stormwater mitigation","Passively managed, some invasive removal takes place","invasive species control
mowing and maintaining public paths","agriculture","","Was used for agriculture as recent as 2020","","","","https://drive.google.com/drive/folders/1wBiqPcBQH7xamZZIhJ4sU77F1NVyqB24","Yes","10 soil borings and 10 piezometers installed, hydraulic conductivity testing

https://drive.google.com/drive/folders/1wBiqPcBQH7xamZZIhJ4sU77F1NVyqB24","ClA Chili loam, 0 to 2 percent
slopes
5.1 24.9%;
JsA Jimtown sandy loam, 0 to 2
percent slopes
12.3 59.5%;
On Olmsted loam, sandstone
substratum
3.2 15.5%;",""
"33","MERW","67_MERW",67,"Mercer Wetland","WS","","","","","","Morgan Grunden","",NA,"web-form@smartsheet.com","07/25/24 10:22 AM","","09/30/22","08/20/22","Five","Yes",1,"Yes",1,"No","Yes","No","No","","Yes","Name: Sean Finke
Institution: ODNR",5,"Yes","50,505 cubic yards of earth excavated for wetland pools","Weir or other known-volume enclosure","Yes",">10","all disrupted tiles were either rerouted and tied into adjacent tile field or are no longer in commission","Yes","Water from Grand Lake St. Marys is pumped into tile that intersects with field tile that contains subsurface drainage. These flows can either be directed into Pool 1 or Pool 2 using AgriDrains.","Flow-through","Complete and ready for review","Not started","https://docs.google.com/document/d/1zGyLpbo7hIaJ1m66pV9ZCLwDY7zdPMbj5vSJsMm7lAM/edit","","nutrients","Inflow pump and WCS are adjusted by Sean Finke of ODNR to maximize nutrient reduction. Land is also managed for waterfowl habitat.","other
water level control","agriculture","","Do not know last year farmed. Was previously on a corn/soybean rotation.","","","All info is for Phase 1 of restoration","https://drive.google.com/drive/u/0/folders/1OpwsoTcXaTYom1q2bpq5sKdCjgKCCOVo","No","","Blount silt loam, ground moraine, 2 to 4 percent slopes; Pewamo silty clay loam, 0 to 1 percent slopes","No"
"34","MERW","67_MERW",67,"Mercer Wetland","WS","","","","","","Morgan Grunden","",NA,"web-form@smartsheet.com","07/25/24 10:22 AM","","09/30/22","08/20/22","Five","Yes",1,"Yes",1,"No","Yes","No","No","","Yes","Name: Sean Finke
Institution: ODNR",5,"Yes","50,505 cubic yards of earth excavated for wetland pools","Weir or other known-volume enclosure","Yes",">10","all disrupted tiles were either rerouted and tied into adjacent tile field or are no longer in commission","Yes","Water from Grand Lake St. Marys is pumped into tile that intersects with field tile that contains subsurface drainage. These flows can either be directed into Pool 1 or Pool 2 using AgriDrains.","Flow-through","Complete and ready for review","Not started","https://docs.google.com/document/d/1zGyLpbo7hIaJ1m66pV9ZCLwDY7zdPMbj5vSJsMm7lAM/edit","","nutrients","Inflow pump and WCS are adjusted by Sean Finke of ODNR to maximize nutrient reduction. Land is also managed for waterfowl habitat.","water level control","other","","","","The land was previously open area of the ODNR Mercer Wildlife Refuge. H2Ohio dollars were used to add 8.7 acres of open water wetlands to an existing wooded wetland and 5.7 acres of existing open water wetlands.","","https://drive.google.com/drive/u/0/folders/1OpwsoTcXaTYom1q2bpq5sKdCjgKCCOVo","No","","Pewamo silty clay loam, 0 to 1 percent slopes","No"
"35","MERW","67_MERW",67,"Mercer Wetland","WS","","","","","","Morgan Grunden","",NA,"web-form@smartsheet.com","07/29/24 12:24 PM","","09/30/23","07/31/23","Five","Yes",1,"Yes",1,"Yes","No","No","No","","Yes","Name: Sean Finke
Institution: ODNR",3,"Yes","26,610 cubic yards of earth excavated","Weir or other known-volume enclosure","Not sure","","","No","","Flow-through","Complete and ready for review","Not started","https://docs.google.com/document/d/1I5ONAijhysNjrleOscZ55FQvK3bhMUUqpH9wJnScUCg/edit","","nutrients","Inflow pump and WCS are adjusted by Sean Finke of ODNR to maximize nutrient reduction. Land is also managed for waterfowl habitat.","other
water level control","agriculture","","Do not know last year farmed. Was previously on a corn/soybean rotation.","","","All info is for Phase 1 of restoration","https://drive.google.com/drive/u/0/folders/1OpwsoTcXaTYom1q2bpq5sKdCjgKCCOVo","No","","Blount silt loam, ground moraine, 2 to 4 percent slopes; Pewamo silty clay loam, 0 to 1 percent slopes","No"
"36","MERW","67_MERW",67,"Mercer Wetland","WS","","","","","","Morgan Grunden","",NA,"web-form@smartsheet.com","07/29/24 12:24 PM","","09/30/23","07/31/23","Five","Yes",1,"Yes",1,"Yes","No","No","No","","Yes","Name: Sean Finke
Institution: ODNR",3,"Yes","26,610 cubic yards of earth excavated","Weir or other known-volume enclosure","Not sure","","","No","","Flow-through","Complete and ready for review","Not started","https://docs.google.com/document/d/1I5ONAijhysNjrleOscZ55FQvK3bhMUUqpH9wJnScUCg/edit","","nutrients","Inflow pump and WCS are adjusted by Sean Finke of ODNR to maximize nutrient reduction. Land is also managed for waterfowl habitat.","water level control","other","","","","The land was previously open area of the ODNR Mercer Wildlife Refuge. H2Ohio dollars were used to add 8.7 acres of open water wetlands to an existing wooded wetland and 5.7 acres of existing open water wetlands.","","https://drive.google.com/drive/u/0/folders/1OpwsoTcXaTYom1q2bpq5sKdCjgKCCOVo","No","","Pewamo silty clay loam, 0 to 1 percent slopes","No"
"37","MERW","67_MERW",67,"Mercer Wetland","WS","","","","","","Morgan Grunden","",NA,"web-form@smartsheet.com","08/05/24 7:44 AM","","11/30/23","05/31/24","Five","Yes",1,"Yes",1,"No","No","No","Not sure","","Yes","Name: Sean Finke
Institution: ODNR",2,"Yes","~5' of topsoil in pool 1 and ~3' in all other pools","Weir or other known-volume enclosure","Not sure","","","No","","Flow-through","Complete and ready for review","Not started","https://docs.google.com/document/d/1Kwz2AJgj3jePL7YrpAQuhCTlpRf7lwLIYc-KiJX1h2A/edit","","nutrients","Inflow pump and WCS are adjusted by Sean Finke of ODNR to maximize nutrient reduction. Land is also managed for waterfowl habitat.","other
water level control","agriculture","","Do not know last year farmed. Was previously on a corn/soybean rotation.","","","All info is for Phase 1 of restoration","https://drive.google.com/drive/u/0/folders/1OpwsoTcXaTYom1q2bpq5sKdCjgKCCOVo","No","","Blount silt loam, ground moraine, 2 to 4 percent slopes; Pewamo silty clay loam, 0 to 1 percent slopes","No"
"38","MERW","67_MERW",67,"Mercer Wetland","WS","","","","","","Morgan Grunden","",NA,"web-form@smartsheet.com","08/05/24 7:44 AM","","11/30/23","05/31/24","Five","Yes",1,"Yes",1,"No","No","No","Not sure","","Yes","Name: Sean Finke
Institution: ODNR",2,"Yes","~5' of topsoil in pool 1 and ~3' in all other pools","Weir or other known-volume enclosure","Not sure","","","No","","Flow-through","Complete and ready for review","Not started","https://docs.google.com/document/d/1Kwz2AJgj3jePL7YrpAQuhCTlpRf7lwLIYc-KiJX1h2A/edit","","nutrients","Inflow pump and WCS are adjusted by Sean Finke of ODNR to maximize nutrient reduction. Land is also managed for waterfowl habitat.","water level control","other","","","","The land was previously open area of the ODNR Mercer Wildlife Refuge. H2Ohio dollars were used to add 8.7 acres of open water wetlands to an existing wooded wetland and 5.7 acres of existing open water wetlands.","","https://drive.google.com/drive/u/0/folders/1OpwsoTcXaTYom1q2bpq5sKdCjgKCCOVo","No","","Pewamo silty clay loam, 0 to 1 percent slopes","No"
"39","MONW","6_MONW",6,"Montpelier Wetland","BG","","","","","","Bob Midden, Genna Hunt","",NA,"web-form@smartsheet.com","06/25/25 9:40 AM","","","07/12/23","Five","Yes",1,"Yes",1,"Yes","No","No","Not sure","","No","",NA,"Yes","","Weir or other known-volume enclosure","Not sure","","","Yes","South Wetland","Flow-through","Not started","","https://docs.google.com/presentation/d/1Jlck347oWECVeS1bOr8J-r-I7nRz1KI6KJbY4QNlLXQ/edit?slide=id.g22ec0929114_0_17#slide=id.g22ec0929114_0_17","","nutrients","","","agriculture","","","","","Location confidential","https://drive.google.com/drive/u/0/folders/1l5E5YeJLPcnxhA_Flqg6LSDu1GIzIlFz","Not sure","","N/A none >30%","Not sure"
"40","NORR","14_NORR",14,"North Ridge","UT","","","","","","Amber Beecher, Tom Bridgeman","Submitted",NA,"ojohns16@kent.edu","04/26/23 11:35 AM","07/02/25","04/30/21","","Five","Yes",1,"Yes",1,"No","No","Yes","Not sure","","Yes","Name: Tim Goetz
Institution: Landowner",1,"Yes","An average of 2 feet of soil were excavated from 2 borrow areas, creating 2 distinct pools.","None","No","","","Yes","62 acres of agricultural drainage was diverted to a ditch which drains to the pump basin where it can be pumped into the wetland.","Flow-through","Complete and ready for review","In progress","https://docs.google.com/presentation/d/1uBhi_gMbSXwkEjggTrF3GvlxkmDXVwHH/edit?slide=id.p1#slide=id.p1","","nutrients","This site is co-supported by fish and wildlife, FWS are making recommendations of water levels they want in the wetland for wildlife habitat. The landowner is very interested in nutrient removal and wildlife habitat; This site is double funded through Lake Erie CREP, so they will be managing the land according to their criteria. This place is also leased by a shooting club so I am going to think they will be managing this site for wildlife habitat. I asked the managers if the landowners will be mowing the dike roads. They're current conditions are very overgrown with vegetation and walking the dikes is almost impossible. There is a rule that they are unable to mow the dikes until July 15th for nesting ground birds.","mowing and maintaining public paths
water level control","agriculture","","In 2021 he had corn planted in the farm field surrounding the wetland. 2022 was a soybean rotation. Not sure when the land was last farmed where the wetland is now. They planted soy beans this year (2023) in the surrounding farm fields.","","","Tim will drive you around the wetland in his UTV.","https://drive.google.com/drive/u/1/folders/1O1j17a57lGv4vIYv9s8LvIUcjKIgxB3L","Not sure","","Toledo silty clay, 0 to 1 percent slopes; NPA ""Nappanee silty clay loam, 0-3 percent slopes","Yes"
"41","OAKE","21_OAKE",21,"Oakwoods East","BG","","","","","","Bob Midden, Genna Hunt","Submitted",NA,"ojohns16@kent.edu","04/26/23 11:35 AM","","06/30/21","06/30/21","Five","Yes",5,"No",2,"Yes","No","Yes","Yes","Seep/discharge (groundwater coming in)","Yes","Name: Chad Carroll
Institution: Hancock Parks District Management",1,"Yes","construction reconnects Aurund Run to its previously inaccessible floodplain","Other","Yes","5","An additional 15 acres of emergent riparian floodplain wetlands was restored by decommissioning subsurface drain tiles","Yes","Six large drainage tiles outflow into pools on the east side in this project as shown in Figure 3b and one large drainage tile outflows into the northeast corner of Pool 1.","Depressional (likely isolated)
Floodplain","Complete and ready for review","Complete and ready for review","https://docs.google.com/document/d/158QPDKnawnqNgqfrYL6PkyHuncRgxMeEAkb97s1yx4w/edit?tab=t.0#heading=h.o6sggkqr667","","wildlife habitat","From Chad: The main goal, at least for me, is healthy habitats.  That would include invasive management.  Invasive managing has been going on. We are trying to prevent them from becoming established.  Invasives will  be the main thing we work on out there.

 

Recreation isn’t really a factor. We have the paths mowed and that will be about it.","invasive species control
mowing and maintaining public paths","agriculture","","Leased field for ten years prior to construction. Typical crops.","","","","https://drive.google.com/drive/u/0/folders/1wrMFF_Yhm5nVJkNqemvpaphTcOuyfbeg","Not sure","","Pewamo Silty clay loam, 0 to 1 percent slopes","Not sure"
"42","OAKW","20_OAKW",20,"Oakwoods West","BG","","","","","","Bob Midden, Genna Hunt","Submitted",NA,"ojohns16@kent.edu","04/26/23 11:35 AM","","06/30/21","06/30/21","Five","Yes",1,"Yes",1,"Yes","No","Yes","Not sure","","Yes","Name: Chad Carroll
Institution: Hancock Park District",1,"Yes","","Drive-way or road","Yes","1","","Not sure","Pool 1","Depressional (likely isolated)
Floodplain
Flow-through","Complete and ready for review","","https://docs.google.com/document/d/158QPDKnawnqNgqfrYL6PkyHuncRgxMeEAkb97s1yx4w/edit?tab=t.0#heading=h.o6sggkqr667","","wildlife habitat","From Chad: The main goal, at least for me, is healthy habitats.  That would include invasive management.  Invasive managing has been going on. We are trying to prevent them from becoming established.  Invasives will  be the main thing we work on out there.

 

Recreation isn’t really a factor. We have the paths mowed and that will be about it. From Project proposal: It is intended to improve water quality by passively treating nutrient rich stream flow during high flow periods by directing some of it to flow into and out of 3 acres of riparian emergent/submergent floodplain wetlands","invasive species control
mowing and maintaining public paths
water level control","agriculture","","Leased to farmers by Hancock Parks for about ten years before construction. Typical crops for the area until construction start.","","","Sampling access depends on how/where you want to sample. Some pools require waders if you want to reach the deepest area. Pool 1 requires a boat if you want to reach the deepest area.","https://drive.google.com/drive/u/0/folders/1wrMFF_Yhm5nVJkNqemvpaphTcOuyfbeg","Not sure","","Pewamo Silty clay loam, 0 to 1 percent slopes","Not sure"
"43","ODOW","66_ODOW",66,"O'Donnell Wetland","WS","","","","","","Morgan Grunden","",NA,"web-form@smartsheet.com","07/03/25 10:27 AM","","","10/01/23","Five","Yes",2,"Yes",1,"No","No","No","Not sure","","Yes","ODNR - Rob Batterson",4,"Yes","","Weir or other known-volume enclosure","","","","","","Flow-through","In progress","In progress","","","wildlife habitat","Pump operation","water level control","other","","","","2 existing wetlands that were enhanced (Main Marsh and Green Tree Marsh)
2 restored wetlands on former soy/corn agricultural land","","https://drive.google.com/drive/folders/1mhaiMnO_t43WkgAhMo_iGQBgN2sipfMl","Not sure","","Millgrove silt loam, 0 to 2 percent slope","Not sure"
"44","OLDS","2_OLDS",2,"Old Station Road","KS","","","","","","Mike Back","",NA,"web-form@smartsheet.com","11/26/24 8:06 AM","","04/01/23","11/01/23","Four","Yes",1,"Yes",1,"No","No","No","No","","No","",NA,"Yes","Several step pools were constructed in the tributary leading into the wetland area. Pools were not dug out but successive berms were created to capture water and create pool-like features.","Other","No","","","No","","Flow-through","In progress","Not started","","","other","The mitigation portion of the hillside must receive a given amount of water over the course of the year, so management includes making sure that a portion of the inflow is directed into the mitigation wetland. There is no constructed mechanism for this, it involves occasionally clearing sediment build-up in the flow path.","other","other","","","","Former storm drain flowing directly into the Cuyahoga river was diverted into constructed step-pools in a  pre-existing tributary. The tributary flows into a hillside which contains a pre-existing mitigation wetland and had additional berms and pools created in an H2Ohio portion of the wetland.","A primary goal in the creation of the site was to filter e. coli bacteria from the storm sewer before it reached the Cuyahoga River. KS is currently working on plans to help monitor this with the assistance of an undergraduate student.","https://drive.google.com/drive/folders/1eBB-qCdAP1MD4dFKb6fWehkPuxihq7KS","No","","Chagrin silt loam, occasionally flooded; Cardinal-Mentor silt loams, 25 to 75 percent slopes","Not sure"
"45","OOPR","13_OOPR",13,"Oak Openings Preserve","BG","","","","","","Bob Midden, Genna Hunt","Submitted",NA,"ojohns16@kent.edu","04/26/23 11:35 AM","","05/31/22","09/01/21","Five","No",NA,"No",NA,"Yes","No","Not sure","Not sure","","No","",NA,"Yes","","None","No","","","No","","Depressional (likely groundwater influenced)","Complete and ready for review","","https://docs.google.com/presentation/d/1Jlck347oWECVeS1bOr8J-r-I7nRz1KI6KJbY4QNlLXQ/edit?slide=id.g22ec0929114_0_17#slide=id.g22ec0929114_0_17","","","","invasive species control
mowing and maintaining public paths","agriculture","","The site was a farm field with the last harvest fall of 2020. Crops often grew poorly in some parts of the southwest area of the site because soil was too moist.","","","","https://drive.google.com/drive/u/0/folders/1rU6__NjlzBKe-VKSUzBC0jcpRgPWndUR","Not sure","","Dixboro fine sandy loam, 0 to 2 percent slopes","Not sure"
"46","OTSS","50_OTSS",50,"Otsego Schools","BG","","","","","","Bob Midden, Genna Hunt","",NA,"web-form@smartsheet.com","06/25/25 9:35 AM","","04/01/23","","Five","No",NA,"No",NA,"Yes","No","Yes","Not sure","","No","",NA,"Yes","","Drive-way or road","No","","","No","","Depressional (likely isolated)
Floodplain","Complete and ready for review","","https://docs.google.com/presentation/d/1Jlck347oWECVeS1bOr8J-r-I7nRz1KI6KJbY4QNlLXQ/edit?slide=id.g22ec0929114_0_17#slide=id.g22ec0929114_0_17","","other","Student involvement and learning","","agriculture","","","","","","N/A","Not sure","","N/A, none >30%","Not sure"
"47","OTTN","4_OTTN",4,"Ottawa NWR","UT","","","","","","Amber Beecher, Tom Bridgeman","Submitted",NA,"ojohns16@kent.edu","04/26/23 11:35 AM","","06/30/21","07/01/21","Five","Yes",2,"Yes",3,"No","Yes","Yes","No","","Yes","Name: Ron Huffman
Institution: Fish and Wildlife Service",2,"No","","Other","No","","","Not sure","","Coastal","","","","","wildlife habitat","The primary goal of management here is to maximize wildlife habitat. There has been occasional flooding of the wetlands to control invasive species in the wetland units.","invasive species control
mowing and maintaining public paths
water level control","no major change in land use","This has been a wetlands for many years. Water control structures were added to reconnect the wetland to the Lake Erie.","","","","There are a few weeks a year where they allow people to drive all the way through the refuge. Ron recommends avoiding those weeks. There is a lot of extra traffic and the roads are not wide enough for two cars in some spots. 
There are multiple gates with locks, make sure to close the gates behind you. The gate straight off Veler road has a gate that needs a card that we do not have. Do not try an enter/exit this way. Ottawa-Lucas County Road gate is an exit only out of the park.","https://drive.google.com/drive/u/1/folders/1Pbz_LGJ9s52GwGsJofmdl9var261QMer","Not sure","","Toledo silty clay, 0 to 1 percent slopes, flooded","Yes"
"48","PERC","96_PERC",96,"Perfect Creek","WS","","","","","","Morgan Grunden","",NA,"web-form@smartsheet.com","07/09/25 12:11 PM","","","06/30/23","Five","Yes",2,"Yes",2,"No","No","Yes","Yes","Recharge (water leaving to groundwater)
Seep/discharge (groundwater coming in)","No","",NA,"Yes","","None","Yes","","","Yes","the whole wetland is stream fed and numerous tiles drain into the stream","Floodplain","In progress","Not started","","","nutrients","maintain public paths","mowing and maintaining public paths","agriculture","","rowcrop 2021","","","","https://drive.google.com/drive/folders/15px_bSijdLkjPA17ObOL14kkHxwFKd9l","Not sure","","Sloan silt loam, till substratum, 
0 to 2 percent slopes, 
occasionally flooded ; Jimtown silt loam, 0 to 2 
percent slopes","Not sure"
"49","PUTO","94_PUTO",94,"Putnam Oxbow","HU","","","","","","Jakob Boehler","",NA,"jboehler@heidelberg.edu","07/01/25 2:42 AM","","","","","",NA,"",NA,"","","","","","","",NA,"","","","","","","","","","","","","","","","","","","","","","","","","","",""
"50","REDB","16_REDB",16,"Redhorse Bend","HU","","","","","","","",NA,"web-form@smartsheet.com","10/18/23 11:34 AM","","","03/01/21","Five","Yes",1,"Yes",2,"No","No","Yes","Yes","Recharge (water leaving to groundwater)
Seep/discharge (groundwater coming in)","No","",NA,"","","","Not sure","","","Not sure","","Floodplain","Complete and ready for review","In progress","","","nutrients","Part of H2Ohio project to focus on securing clean water","","agriculture","","This preserve is 93-acres wide, and formerly an agricultural field bisected by OH-20. 55 acres of this property were converted out of grain production, and into the wetland we see today.","","","","","Yes","","Rossburg silt loam, occasionally flooded","Not sure"
"51","SJCO","10_SJCO",10,"St. Joe's Confluence","BG","","","","","","Bob Midden, Genna Hunt","Submitted",NA,"ojohns16@kent.edu","04/26/23 11:35 AM","","06/30/21","06/01/21","Five","No",NA,"No",NA,"Yes","No","Yes","Not sure","","No","",NA,"Yes","","Drive-way or road","Not sure","","","No","","Depressional (likely isolated)
Floodplain","Not started","","https://docs.google.com/presentation/d/1Jlck347oWECVeS1bOr8J-r-I7nRz1KI6KJbY4QNlLXQ/edit?slide=id.g22ec0929114_0_17#slide=id.g22ec0929114_0_17","","nutrients","""The goal of this Restoration project is to convert the Ag field and the hydric zone of the CRP field to new wetlands, reducing phosphorus runoff and preventing pollutants from entering the St. Joseph river. Additionally, non-hydric zones at the Ag field will be restored to riparian forest and the unnamed Tributary that flows along the northern edge of the Ag field will be incorporated into the restoration to facilitate nutrient reduction.”","invasive species control","agriculture","","Two different land use histories at this site.
""The project area is split between two areas, the approximately 19.5-acre Ag field in the southeast corner, and the 28-acre conservation reserve program prairie (CRP Field) in the northwest corner.""","","","","https://drive.google.com/drive/u/0/folders/1Ftx7NWUYo8rpdMqhYhHbpsjBp1l3CXPr","Not sure","","Eel loam","Not sure"
"52","SJRE","11_SJRE",11,"St. Joe's Restoration/Farm & Floodplain","BG","","","","","","","",NA,"web-form@smartsheet.com","02/06/24 12:51 PM","","","05/12/21","Five","Yes",6,"Yes",3,"Yes","No","Yes","Yes","Recharge (water leaving to groundwater)
Seep/discharge (groundwater coming in)","No","",NA,"Yes","1,600 linear feet of channel restoration, 27 acres of wetland pool creation, and 27 acres of non-hydric reforestation.","Other","Yes","1","(Northeast Tile, NET), but is buried under Pool A and is daylighted southwest of Pool A into a branch of the constructed channel.","Yes","N Tile delivers water to a short reach that empties into the north side of Pool A.
NW Tile empties into this reach about 150 meters from the outlet of Pool A. 
NE Tile empties into a basin about 250 meters southwest from Pool A","Floodplain
Flow-through","Complete and ready for review","Complete and ready for review","https://docs.google.com/document/d/1dKhd9xwsmtU21W3wDSwXj1waEDgQEXB6o8JlZdGc4HE/edit?tab=t.0#heading=h.cqd0xxbhioan","","unknown at this time","","invasive species control","agriculture","","The St. Joseph’s River Restoration Project was constructed on historically drained agricultural land in 2021","","","","https://drive.google.com/drive/folders/1Ll2qLam3qZisvbOdqE_3ptHpS9nif-Ps?usp=drive_link","Not sure","","N/A, none >30%","Not sure"
"53","SPES","95_SPES",95,"Spencerville Stormwater","WS","","","","","","Morgan Grunden","",NA,"web-form@smartsheet.com","07/08/25 11:22 AM","","","01/01/24","Five","Yes",3,"Yes",1,"No","No","No","Not sure","","Yes","Sean Chapman
Spencerville village admin",1,"Yes","5.1 acres of earth disturbed area","None","Yes",">10","","Not sure","","Depressional (likely isolated)
Flow-through","In progress","In progress","","","stormwater mitigation","set water level control structures","water level control","agriculture","","former soy/corn crop rotation ag field","","","","https://drive.google.com/drive/folders/1pajJ5mqs4gqGuLItp0izMB5SxIIm6DAA","Not sure","","Pewamo silty clay loam, 0 to 1 percent slopes","Not sure"
"54","SPRC","64_SPRC",64,"Springcreek Confluence","WS","","","","","","Morgan Grunden","",NA,"web-form@smartsheet.com","07/22/24 10:25 AM","","12/31/21","08/31/21","Five","Yes",2,"Yes",2,"No","No","Yes","Yes","Recharge (water leaving to groundwater)
Seep/discharge (groundwater coming in)","No","",NA,"Yes","","Drive-way or road","Not sure","","","No","","Floodplain","Complete and ready for review","Complete and ready for review","https://docs.google.com/document/d/1ztvc0qjAtqUFFWTOFbIlUYht9QaXFznvpiRVsU2mr7E/edit","The two pools will be treated as independent Wetlands in order to calculate load reductions for both the Great Miami River and Spring Creek. With the method, a few assumptions are made including water does NOT flow from North Pool to South Pool, when it does during periods of high flow. Another assumption being made is that no groundwater flow is occurring, when in fact it is likely a large amount of groundwater flow is occurring due to sandy soils. 

For Spring Creek, nutrient load reductions will be calculated [inflow volume x inflow concentration] - [outflow volume x outflow concentration]. Inflow volumes are calculated by watershed weighting the Troy Great Miami River USGS Station with a multiplication factor of 0.028. Outflow volume is calculated from the daily difference in pool volume using Solinst water levelogger data and a bathymetry survey. Inflow and outflow concentration is obtained from monthly sampling trips and assumed to stay constant until the next sampling event. 

For the Great Miami River, nutrient load reductions will be calculated [inflow volume x inflow concentration] - [outflow volume x outflow concentration]. Inflow volumes are calculated by watershed weighting the Troy Great Miami River USGS Station with a multiplication factor of 0.996. Outflow volume is calculated from the daily difference in pool volume using Solinst water levelogger data and a bathymetry survey. Inflow and outflow concentration is obtained from monthly sampling trips and assumed to stay constant until the next sampling event.","wildlife habitat","Wetland is managed for wildlife habitat and recreational purposes with mowing and maintaining public paths as the primary management action.","mowing and maintaining public paths","agriculture","","Land was previously farmed on a corn/soybean rotation with a history of flooding from the Great Miami River- unsure what year farming ended.","","","","https://drive.google.com/drive/u/0/folders/1Sn1WIeP2-ioEBArQF38y8o6fGp9QKrpS","No","","Genesee silt loam, 0 to 2 percent slopes, occasionally flooded","Not sure"
"55","SPRM","30_SPRM",30,"Springville Marsh","HU","","","","","","Jakob Boehler","",NA,"jboehler@heidelberg.edu","07/01/25 2:42 AM","","","","","",NA,"",NA,"","","","","","","",NA,"","","","","","","","","","","","","","","","","","","","","","","","","","",""
"56","SPRR","76_SPRR",76,"Spring Run","WS","","","","","","Morgan Grunden","",NA,"web-form@smartsheet.com","07/09/25 10:39 AM","","","10/31/22","Five","Yes",1,"No",NA,"Yes","No","No","Not sure","","No","",NA,"Yes","22.43 acres of created wetland areas. These pools/areas are varying depths","None","Not sure","","","Not sure","","Depressional (likely isolated)","In progress","Not started","","","nutrients","","mowing and maintaining public paths","other","","","","Former golf course","","https://drive.google.com/drive/folders/1dF3lR30HbaorzT03g9uI-ac9IU-eYkkc","Not sure","","Randolph silt loam, 0 to 2 percent slopes","Not sure"
"57","SRHE","24_SRHE",24,"Sandusky River Headwaters","HU","","","","","","Jakob Boehler","",NA,"jboehler@heidelberg.edu","07/01/25 2:42 AM","","","","","",NA,"",NA,"","","","","","","",NA,"","","","","","","","","","","","","","","","","","","","","","","","","","",""
"58","STMA","52_STMA",52,"St. Mary's","WS","","","","","","Morgan Grunden","",NA,"web-form@smartsheet.com","07/03/25 7:50 AM","","09/01/24","09/01/24","Five","Yes",1,"Yes",1,"No","No","Yes","Not sure","","Yes","City of St. Marys",4,"Yes","Approximately 5 ft of top soil removed for 33 acres of flats
Approximately 1 ft of top soil removed for 0.5 acre (Inflow settling pool) and 0.7 acre (outflow settling pool)","Weir or other known-volume enclosure","No","","","No","","Flow-through","In progress","In progress","","","nutrients","Water level control through AgriDrain stoplog management and outflow pump rate management","water level control","agriculture","","soy/corn rotation","","","","https://drive.google.com/drive/folders/1B_zLSBTiBJfRvL_2qO_KpwsxDSjta9FM","Not sure","","Blount silt loam, ground moraine, 2 to 4 percent slopes; Pewamo silty clay loam, 0 to 1 percent slopes","Not sure"
"59","SUGB","47_SUGB",47,"Sugarcamp 7","HU","","","","","","James Austin","Submitted",NA,"ojohns16@kent.edu","04/26/23 11:35 AM","","07/15/22","07/15/22","Five","Yes",3,"Yes",1,"Yes","No","Yes","Not sure","","No","",NA,"","","","","","","","","Floodplain
Flow-through","","","","","recreation","A document aims to provide spray spot treatment to invasive plant species. This also includes","invasive species control
mowing and maintaining public paths","no major change in land use","The wetland is used as a recreational area. The site is used as an AirBNB, and tenants are welcomed to visit and walk the wetland property.","","","","","https://drive.google.com/drive/folders/18zgLxChO7dVgf8EChIOo5XgJW4c2fWRQ?usp=share_link","","","",""
"60","TIPC","65_TIPC",65,"Tipp City","WS","","","","","","Morgan Grunden","Submitted",NA,"ojohns16@kent.edu","04/26/23 11:35 AM","07/23/24","11/20/22","12/01/22","Three","Yes",1,"Yes",1,"No","No","Yes","Yes","Recharge (water leaving to groundwater)
Seep/discharge (groundwater coming in)","No","",NA,"Yes","","Other","Not sure","","","No","","Floodplain","Complete and ready for review","Complete and ready for review","https://docs.google.com/document/d/1EOINGmFHB2O2xNuahpWKgw-P7Z74lxyXcgEkR3GP3bg/edit","A HOBO level logger deployed in the Tipp City wetland records water depth every 30 minutes from which an average daily water depth is calculated. Daily pool volume is calculated using data from a recent bathymetry survey completed by Donnie Knight of US Fish & Wildlife where volume of water according to acre foot corresponds to variation in depth (Figure X.3). Acreage corresponds to the total number of acres at a given corresponding depth at the time of survey. Note that volume is the total gallons of water calculated using 326,000 gallons of water per acre foot. Daily pool volume is calculated using the equation: volume = 326,000 x depth (ft) x acres  where depth acres is the acreage corresponding to the water depth. Change in daily pool volume is calculated by subtracting the previous day’s pool volume from the current pool volume. All of the positive changes in pool volume (inflows) were added together over a season to obtain total seasonal inflows.

Two sampling locations within the wetland (Wetland Inflow and Mid Wetland) were averaged to obtain an average ”Wetland” nutrient concentration. Seasonal average nutrient concentrations were calculated for the Great Miami River Upstream and “Wetland”. Differences between the Great Miami River Upstream and Wetland were calculated and multiplied by total inflows over the season to determine seasonal nutrient load reduced.","stormwater mitigation","Mowing to maintain walking paths","mowing and maintaining public paths","agriculture","","Land was part of City of Tipp City wellhead preservation. Looked like it was being farmed prior to construction but not sure. Can't find any information on when and what was last farmed here.","","","","https://drive.google.com/drive/folders/1ECFqyLUcXNM_Z-FteXLdEmDuSFMgJy5h","No","","Genesee silt loam, 0 to 2 
percent slopes, occasionally 
flooded; Stonelick loam","Not sure"
"61","TRUC","49_TRUC",49,"Trumbull Creek","KS","","","","","","Mike Back","Submitted",NA,"ojohns16@kent.edu","04/26/23 11:35 AM","08/11/23","04/15/22","03/15/22","Five","No",0,"Yes",1,"No","No","No","Yes","Seep/discharge (groundwater coming in)","Yes","Name: Greg Snowden",1,"Yes","Major change in microtopography with pool creation; 3 Large cascading pools and hummocked design","Drive-way or road","No","","","No","","Depressional (likely isolated)","In progress","Not started","https://docs.google.com/presentation/d/1L7xHvp9sTKDSgcCsg5s0sV3ixDAqftFg/edit#slide=id.p1","","other","Reforestation","invasive species control
mowing and maintaining public paths
water level control","agriculture","","Ag field left fallow prior to restoration previously soy bean and corn rotation.","","Originally acquired as a mitigation bank","","https://docs.google.com/document/d/15rTa378UNjBtyn78xxHxckeLjKmiHBpJ6EWXL2tLcYg/edit","No","","Platea-Darien silt loams, 0 to 2 percent slopes",""
"62","UPPB","46_UPPB",46,"Upper Blanchard","HU","","","","","","Jakob Boehler","",NA,"jboehler@heidelberg.edu","07/01/25 2:42 AM","","","","","",NA,"",NA,"","","","","","","",NA,"","","","","","","","","","","","","","","","","","","","","","","","","","",""
"63","VANO","25_VANO",25,"Van Order","BG","","","","","","Bob Midden, Genna Hunt","Submitted",NA,"ojohns16@kent.edu","04/26/23 11:35 AM","","10/15/21","10/15/21","Five","No",NA,"No",NA,"Yes","No","Not sure","Not sure","","No","",NA,"Yes","","Drive-way or road","No","","","No","","Depressional (likely groundwater influenced)","Complete and ready for review","","https://docs.google.com/presentation/d/1Jlck347oWECVeS1bOr8J-r-I7nRz1KI6KJbY4QNlLXQ/edit?slide=id.g22ec0929114_0_17#slide=id.g22ec0929114_0_17","","nutrients","existing woodland or wooded riparian would primarily be protected and invasive plants would be treated. For the active farmland, the land would be converted from farmland to wetland and woodland.","invasive species control","agriculture","","18.5 acres was active farmland. The rest (12.5 acres) is either existing woodland or wooded riparian","","","","https://drive.google.com/drive/u/0/folders/1VK_HXP9YMySS4ivtvSM-ZyzYkBva9nLZ","Not sure","","Ottokee fine sand, 0 to 6 percent slopes; Granby loamy fine sand","Not sure"
"64","WEIP","33_WEIP",33,"Weisgerber-Pohlman","BG","","","","","","Bob Midden, Genna Hunt","Submitted",NA,"ojohns16@kent.edu","04/26/23 11:35 AM","","12/31/22","05/17/22","Five","No",NA,"No",NA,"Yes","No","Yes","Not sure","","No","",NA,"Yes","","Drive-way or road","No","","","No","","Floodplain","Complete and ready for review","","https://docs.google.com/presentation/d/1Jlck347oWECVeS1bOr8J-r-I7nRz1KI6KJbY4QNlLXQ/edit?slide=id.g22ec0929114_0_17#slide=id.g22ec0929114_0_17","","nutrients","Primary goals: reduce nutrient and sediment runoff and create wildlife habitat by restoring wetlands.","invasive species control","agriculture","","The project area currently exists primarily as agricultural fields, which have been in production since 1907.","","","","https://drive.google.com/drive/u/0/folders/1ZBp9LjWtGIe5V5Xdfn1F0jeNngpVqkDN","Not sure","","Kibbie loam, 0 to 3 percent slopes","Not sure"
